Workbook

Sheet ROSTER
A1: Participant_ID | B1: Full_Name | C1: Role | D1: Mentor_Name | E1: Start_Date | F1: Status

Sheet CARD_LOG
A1: Date | B1: Week_ID | C1: Participant_ID | D1: Card_ID | E1: Role | F1: Conceptual | G1: Language | H1: Compliance | I1: Practical | J1: Strategic | K1: Total_Raw | L1: Critical | M1: Weighted_Score | N1: Remediation_Flag | O1: Mentor_Notes
B2: =IF(A2="","",TEXT(A2,"yyyy")&"-W"&TEXT(ISOWEEKNUM(A2),"00")) | K2: =IF(COUNTA(F2:J2)=0,"",SUM(F2:J2)) | L2: =IF(OR(D2="CORE-01",D2="CORE-02",D2="DATA-08",D2="COMP-01",D2="COMP-02",D2="COMP-03",D2="SIM-08"),"Yes","No") -> No | M2: =IF(K2="","",F2*VLOOKUP(E2,WEIGHTS!$A$2:$F$4,2,FALSE)+G2*VLOOKUP(E2,WEIGHTS!$A$2:$F$4,3,FALSE)+H2*VLOOKUP(E2,WEIGHTS!$A$2:$F$4,4,FALSE)+I2*VLOOKUP(E2,WEIGHTS!$A$2:$F$4,5,FALSE)+J2*VLOOKUP(E2,WEIGHTS!$A$2:$F$4,6,FALSE)) | N2: =IF(K2="","",IF(AND(L2="Yes",K2<14),"CRITICAL FAIL",IF(K2<12,"LOW SCORE","OK")))
B3: =IF(A3="","",TEXT(A3,"yyyy")&"-W"&TEXT(ISOWEEKNUM(A3),"00")) | K3: =IF(COUNTA(F3:J3)=0,"",SUM(F3:J3)) | L3: =IF(OR(D3="CORE-01",D3="CORE-02",D3="DATA-08",D3="COMP-01",D3="COMP-02",D3="COMP-03",D3="SIM-08"),"Yes","No") -> No | M3: =IF(K3="","",F3*VLOOKUP(E3,WEIGHTS!$A$2:$F$4,2,FALSE)+G3*VLOOKUP(E3,WEIGHTS!$A$2:$F$4,3,FALSE)+H3*VLOOKUP(E3,WEIGHTS!$A$2:$F$4,4,FALSE)+I3*VLOOKUP(E3,WEIGHTS!$A$2:$F$4,5,FALSE)+J3*VLOOKUP(E3,WEIGHTS!$A$2:$F$4,6,FALSE)) | N3: =IF(K3="","",IF(AND(L3="Yes",K3<14),"CRITICAL FAIL",IF(K3<12,"LOW SCORE","OK")))
B4: =IF(A4="","",TEXT(A4,"yyyy")&"-W"&TEXT(ISOWEEKNUM(A4),"00")) | K4: =IF(COUNTA(F4:J4)=0,"",SUM(F4:J4)) | L4: =IF(OR(D4="CORE-01",D4="CORE-02",D4="DATA-08",D4="COMP-01",D4="COMP-02",D4="COMP-03",D4="SIM-08"),"Yes","No") -> No | M4: =IF(K4="","",F4*VLOOKUP(E4,WEIGHTS!$A$2:$F$4,2,FALSE)+G4*VLOOKUP(E4,WEIGHTS!$A$2:$F$4,3,FALSE)+H4*VLOOKUP(E4,WEIGHTS!$A$2:$F$4,4,FALSE)+I4*VLOOKUP(E4,WEIGHTS!$A$2:$F$4,5,FALSE)+J4*VLOOKUP(E4,WEIGHTS!$A$2:$F$4,6,FALSE)) | N4: =IF(K4="","",IF(AND(L4="Yes",K4<14),"CRITICAL FAIL",IF(K4<12,"LOW SCORE","OK")))
B5: =IF(A5="","",TEXT(A5,"yyyy")&"-W"&TEXT(ISOWEEKNUM(A5),"00")) | K5: =IF(COUNTA(F5:J5)=0,"",SUM(F5:J5)) | L5: =IF(OR(D5="CORE-01",D5="CORE-02",D5="DATA-08",D5="COMP-01",D5="COMP-02",D5="COMP-03",D5="SIM-08"),"Yes","No") -> No | M5: =IF(K5="","",F5*VLOOKUP(E5,WEIGHTS!$A$2:$F$4,2,FALSE)+G5*VLOOKUP(E5,WEIGHTS!$A$2:$F$4,3,FALSE)+H5*VLOOKUP(E5,WEIGHTS!$A$2:$F$4,4,FALSE)+I5*VLOOKUP(E5,WEIGHTS!$A$2:$F$4,5,FALSE)+J5*VLOOKUP(E5,WEIGHTS!$A$2:$F$4,6,FALSE)) | N5: =IF(K5="","",IF(AND(L5="Yes",K5<14),"CRITICAL FAIL",IF(K5<12,"LOW SCORE","OK")))
B6: =IF(A6="","",TEXT(A6,"yyyy")&"-W"&TEXT(ISOWEEKNUM(A6),"00")) | K6: =IF(COUNTA(F6:J6)=0,"",SUM(F6:J6)) | L6: =IF(OR(D6="CORE-01",D6="CORE-02",D6="DATA-08",D6="COMP-01",D6="COMP-02",D6="COMP-03",D6="SIM-08"),"Yes","No") -> No | M6: =IF(K6="","",F6*VLOOKUP(E6,WEIGHTS!$A$2:$F$4,2,FALSE)+G6*VLOOKUP(E6,WEIGHTS!$A$2:$F$4,3,FALSE)+H6*VLOOKUP(E6,WEIGHTS!$A$2:$F$4,4,FALSE)+I6*VLOOKUP(E6,WEIGHTS!$A$2:$F$4,5,FALSE)+J6*VLOOKUP(E6,WEIGHTS!$A$2:$F$4,6,FALSE)) | N6: =IF(K6="","",IF(AND(L6="Yes",K6<14),"CRITICAL FAIL",IF(K6<12,"LOW SCORE","OK")))
B7: =IF(A7="","",TEXT(A7,"yyyy")&"-W"&TEXT(ISOWEEKNUM(A7),"00")) | K7: =IF(COUNTA(F7:J7)=0,"",SUM(F7:J7)) | L7: =IF(OR(D7="CORE-01",D7="CORE-02",D7="DATA-08",D7="COMP-01",D7="COMP-02",D7="COMP-03",D7="SIM-08"),"Yes","No") -> No | M7: =IF(K7="","",F7*VLOOKUP(E7,WEIGHTS!$A$2:$F$4,2,FALSE)+G7*VLOOKUP(E7,WEIGHTS!$A$2:$F$4,3,FALSE)+H7*VLOOKUP(E7,WEIGHTS!$A$2:$F$4,4,FALSE)+I7*VLOOKUP(E7,WEIGHTS!$A$2:$F$4,5,FALSE)+J7*VLOOKUP(E7,WEIGHTS!$A$2:$F$4,6,FALSE)) | N7: =IF(K7="","",IF(AND(L7="Yes",K7<14),"CRITICAL FAIL",IF(K7<12,"LOW SCORE","OK")))
B8: =IF(A8="","",TEXT(A8,"yyyy")&"-W"&TEXT(ISOWEEKNUM(A8),"00")) | K8: =IF(COUNTA(F8:J8)=0,"",SUM(F8:J8)) | L8: =IF(OR(D8="CORE-01",D8="CORE-02",D8="DATA-08",D8="COMP-01",D8="COMP-02",D8="COMP-03",D8="SIM-08"),"Yes","No") -> No | M8: =IF(K8="","",F8*VLOOKUP(E8,WEIGHTS!$A$2:$F$4,2,FALSE)+G8*VLOOKUP(E8,WEIGHTS!$A$2:$F$4,3,FALSE)+H8*VLOOKUP(E8,WEIGHTS!$A$2:$F$4,4,FALSE)+I8*VLOOKUP(E8,WEIGHTS!$A$2:$F$4,5,FALSE)+J8*VLOOKUP(E8,WEIGHTS!$A$2:$F$4,6,FALSE)) | N8: =IF(K8="","",IF(AND(L8="Yes",K8<14),"CRITICAL FAIL",IF(K8<12,"LOW SCORE","OK")))
B9: =IF(A9="","",TEXT(A9,"yyyy")&"-W"&TEXT(ISOWEEKNUM(A9),"00")) | K9: =IF(COUNTA(F9:J9)=0,"",SUM(F9:J9)) | L9: =IF(OR(D9="CORE-01",D9="CORE-02",D9="DATA-08",D9="COMP-01",D9="COMP-02",D9="COMP-03",D9="SIM-08"),"Yes","No") -> No | M9: =IF(K9="","",F9*VLOOKUP(E9,WEIGHTS!$A$2:$F$4,2,FALSE)+G9*VLOOKUP(E9,WEIGHTS!$A$2:$F$4,3,FALSE)+H9*VLOOKUP(E9,WEIGHTS!$A$2:$F$4,4,FALSE)+I9*VLOOKUP(E9,WEIGHTS!$A$2:$F$4,5,FALSE)+J9*VLOOKUP(E9,WEIGHTS!$A$2:$F$4,6,FALSE)) | N9: =IF(K9="","",IF(AND(L9="Yes",K9<14),"CRITICAL FAIL",IF(K9<12,"LOW SCORE","OK")))
B10: =IF(A10="","",TEXT(A10,"yyyy")&"-W"&TEXT(ISOWEEKNUM(A10),"00")) | K10: =IF(COUNTA(F10:J10)=0,"",SUM(F10:J10)) | L10: =IF(OR(D10="CORE-01",D10="CORE-02",D10="DATA-08",D10="COMP-01",D10="COMP-02",D10="COMP-03",D10="SIM-08"),"Yes","No") -> No | M10: =IF(K10="","",F10*VLOOKUP(E10,WEIGHTS!$A$2:$F$4,2,FALSE)+G10*VLOOKUP(E10,WEIGHTS!$A$2:$F$4,3,FALSE)+H10*VLOOKUP(E10,WEIGHTS!$A$2:$F$4,4,FALSE)+I10*VLOOKUP(E10,WEIGHTS!$A$2:$F$4,5,FALSE)+J10*VLOOKUP(E10,WEIGHTS!$A$2:$F$4,6,FALSE)) | N10: =IF(K10="","",IF(AND(L10="Yes",K10<14),"CRITICAL FAIL",IF(K10<12,"LOW SCORE","OK")))
B11: =IF(A11="","",TEXT(A11,"yyyy")&"-W"&TEXT(ISOWEEKNUM(A11),"00")) | K11: =IF(COUNTA(F11:J11)=0,"",SUM(F11:J11)) | L11: =IF(OR(D11="CORE-01",D11="CORE-02",D11="DATA-08",D11="COMP-01",D11="COMP-02",D11="COMP-03",D11="SIM-08"),"Yes","No") -> No | M11: =IF(K11="","",F11*VLOOKUP(E11,WEIGHTS!$A$2:$F$4,2,FALSE)+G11*VLOOKUP(E11,WEIGHTS!$A$2:$F$4,3,FALSE)+H11*VLOOKUP(E11,WEIGHTS!$A$2:$F$4,4,FALSE)+I11*VLOOKUP(E11,WEIGHTS!$A$2:$F$4,5,FALSE)+J11*VLOOKUP(E11,WEIGHTS!$A$2:$F$4,6,FALSE)) | N11: =IF(K11="","",IF(AND(L11="Yes",K11<14),"CRITICAL FAIL",IF(K11<12,"LOW SCORE","OK")))
B12: =IF(A12="","",TEXT(A12,"yyyy")&"-W"&TEXT(ISOWEEKNUM(A12),"00")) | K12: =IF(COUNTA(F12:J12)=0,"",SUM(F12:J12)) | L12: =IF(OR(D12="CORE-01",D12="CORE-02",D12="DATA-08",D12="COMP-01",D12="COMP-02",D12="COMP-03",D12="SIM-08"),"Yes","No") -> No | M12: =IF(K12="","",F12*VLOOKUP(E12,WEIGHTS!$A$2:$F$4,2,FALSE)+G12*VLOOKUP(E12,WEIGHTS!$A$2:$F$4,3,FALSE)+H12*VLOOKUP(E12,WEIGHTS!$A$2:$F$4,4,FALSE)+I12*VLOOKUP(E12,WEIGHTS!$A$2:$F$4,5,FALSE)+J12*VLOOKUP(E12,WEIGHTS!$A$2:$F$4,6,FALSE)) | N12: =IF(K12="","",IF(AND(L12="Yes",K12<14),"CRITICAL FAIL",IF(K12<12,"LOW SCORE","OK")))
B13: =IF(A13="","",TEXT(A13,"yyyy")&"-W"&TEXT(ISOWEEKNUM(A13),"00")) | K13: =IF(COUNTA(F13:J13)=0,"",SUM(F13:J13)) | L13: =IF(OR(D13="CORE-01",D13="CORE-02",D13="DATA-08",D13="COMP-01",D13="COMP-02",D13="COMP-03",D13="SIM-08"),"Yes","No") -> No | M13: =IF(K13="","",F13*VLOOKUP(E13,WEIGHTS!$A$2:$F$4,2,FALSE)+G13*VLOOKUP(E13,WEIGHTS!$A$2:$F$4,3,FALSE)+H13*VLOOKUP(E13,WEIGHTS!$A$2:$F$4,4,FALSE)+I13*VLOOKUP(E13,WEIGHTS!$A$2:$F$4,5,FALSE)+J13*VLOOKUP(E13,WEIGHTS!$A$2:$F$4,6,FALSE)) | N13: =IF(K13="","",IF(AND(L13="Yes",K13<14),"CRITICAL FAIL",IF(K13<12,"LOW SCORE","OK")))
... B2000: =IF(A2000="","",TEXT(A2000,"yyyy")&"-W"&TEXT(ISOWEEKNUM(A2000),"00")) | K2000: =IF(COUNTA(F2000:J2000)=0,"",SUM(F2000:J2000)) | L2000: =IF(OR(D2000="CORE-01",D2000="CORE-02",D2000="DATA-08",D2000="COMP-01",D2000="COMP-02",D2000="COMP-03",D2000="SIM-08"),"Yes","No") -> No | M2000: =IF(K2000="","",F2000*VLOOKUP(E2000,WEIGHTS!$A$2:$F$4,2,FALSE)+G2000*VLOOKUP(E2000,WEIGHTS!$A$2:$F$4,3,FALSE)+H2000*VLOOKUP(E2000,WEIGHTS!$A$2:$F$4,4,FALSE)+I2000*VLOOKUP(E2000,WEIGHTS!$A$2:$F$4,5,FALSE)+J2000*VLOOKUP(E2000,WEIGHTS!$A$2:$F$4,6,FALSE)) | N2000: =IF(K2000="","",IF(AND(L2000="Yes",K2000<14),"CRITICAL FAIL",IF(K2000<12,"LOW SCORE","OK")))

Sheet WEIGHTS
A1: Role | B1: Conceptual | C1: Language | D1: Compliance | E1: Practical | F1: Strategic
A2: Sales | B2: 0.25 | C2: 0.3 | D2: 0.25 | E2: 0.05 | F2: 0.15
A3: Product | B3: 0.3 | C3: 0.15 | D3: 0.2 | E3: 0.1 | F3: 0.25
A4: Technical | B4: 0.35 | C4: 0.1 | D4: 0.15 | E4: 0.3 | F4: 0.1

Sheet SUMMARY
A1: Participant_ID | B1: Role | C1: Cards_Completed | D1: Avg_Weighted | E1: Critical_Passed | F1: Certification_Level
B2: =IF(A2="","",VLOOKUP(A2,ROSTER!$A$2:$F$500,3,FALSE)) | C2: =IF(A2="","",COUNTIF(CARD_LOG!$C:$C,A2)) | D2: =IF(A2="","",IFERROR(AVERAGEIF(CARD_LOG!$C:$C,A2,CARD_LOG!$M:$M),"")) | E2: =IF(A2="","",IF(COUNTIFS(CARD_LOG!$C:$C,A2,CARD_LOG!$L:$L,"Yes",CARD_LOG!$K:$K,"<14")>0,"No","Yes")) | F2: =IF(A2="","",IF(AND(E2="Yes",D2>=18),"Advanced",IF(AND(E2="Yes",D2>=16),"Operational","Remediation")))
B3: =IF(A3="","",VLOOKUP(A3,ROSTER!$A$2:$F$500,3,FALSE)) | C3: =IF(A3="","",COUNTIF(CARD_LOG!$C:$C,A3)) | D3: =IF(A3="","",IFERROR(AVERAGEIF(CARD_LOG!$C:$C,A3,CARD_LOG!$M:$M),"")) | E3: =IF(A3="","",IF(COUNTIFS(CARD_LOG!$C:$C,A3,CARD_LOG!$L:$L,"Yes",CARD_LOG!$K:$K,"<14")>0,"No","Yes")) | F3: =IF(A3="","",IF(AND(E3="Yes",D3>=18),"Advanced",IF(AND(E3="Yes",D3>=16),"Operational","Remediation")))
B4: =IF(A4="","",VLOOKUP(A4,ROSTER!$A$2:$F$500,3,FALSE)) | C4: =IF(A4="","",COUNTIF(CARD_LOG!$C:$C,A4)) | D4: =IF(A4="","",IFERROR(AVERAGEIF(CARD_LOG!$C:$C,A4,CARD_LOG!$M:$M),"")) | E4: =IF(A4="","",IF(COUNTIFS(CARD_LOG!$C:$C,A4,CARD_LOG!$L:$L,"Yes",CARD_LOG!$K:$K,"<14")>0,"No","Yes")) | F4: =IF(A4="","",IF(AND(E4="Yes",D4>=18),"Advanced",IF(AND(E4="Yes",D4>=16),"Operational","Remediation")))
B5: =IF(A5="","",VLOOKUP(A5,ROSTER!$A$2:$F$500,3,FALSE)) | C5: =IF(A5="","",COUNTIF(CARD_LOG!$C:$C,A5)) | D5: =IF(A5="","",IFERROR(AVERAGEIF(CARD_LOG!$C:$C,A5,CARD_LOG!$M:$M),"")) | E5: =IF(A5="","",IF(COUNTIFS(CARD_LOG!$C:$C,A5,CARD_LOG!$L:$L,"Yes",CARD_LOG!$K:$K,"<14")>0,"No","Yes")) | F5: =IF(A5="","",IF(AND(E5="Yes",D5>=18),"Advanced",IF(AND(E5="Yes",D5>=16),"Operational","Remediation")))
B6: =IF(A6="","",VLOOKUP(A6,ROSTER!$A$2:$F$500,3,FALSE)) | C6: =IF(A6="","",COUNTIF(CARD_LOG!$C:$C,A6)) | D6: =IF(A6="","",IFERROR(AVERAGEIF(CARD_LOG!$C:$C,A6,CARD_LOG!$M:$M),"")) | E6: =IF(A6="","",IF(COUNTIFS(CARD_LOG!$C:$C,A6,CARD_LOG!$L:$L,"Yes",CARD_LOG!$K:$K,"<14")>0,"No","Yes")) | F6: =IF(A6="","",IF(AND(E6="Yes",D6>=18),"Advanced",IF(AND(E6="Yes",D6>=16),"Operational","Remediation")))
B7: =IF(A7="","",VLOOKUP(A7,ROSTER!$A$2:$F$500,3,FALSE)) | C7: =IF(A7="","",COUNTIF(CARD_LOG!$C:$C,A7)) | D7: =IF(A7="","",IFERROR(AVERAGEIF(CARD_LOG!$C:$C,A7,CARD_LOG!$M:$M),"")) | E7: =IF(A7="","",IF(COUNTIFS(CARD_LOG!$C:$C,A7,CARD_LOG!$L:$L,"Yes",CARD_LOG!$K:$K,"<14")>0,"No","Yes")) | F7: =IF(A7="","",IF(AND(E7="Yes",D7>=18),"Advanced",IF(AND(E7="Yes",D7>=16),"Operational","Remediation")))
B8: =IF(A8="","",VLOOKUP(A8,ROSTER!$A$2:$F$500,3,FALSE)) | C8: =IF(A8="","",COUNTIF(CARD_LOG!$C:$C,A8)) | D8: =IF(A8="","",IFERROR(AVERAGEIF(CARD_LOG!$C:$C,A8,CARD_LOG!$M:$M),"")) | E8: =IF(A8="","",IF(COUNTIFS(CARD_LOG!$C:$C,A8,CARD_LOG!$L:$L,"Yes",CARD_LOG!$K:$K,"<14")>0,"No","Yes")) | F8: =IF(A8="","",IF(AND(E8="Yes",D8>=18),"Advanced",IF(AND(E8="Yes",D8>=16),"Operational","Remediation")))
B9: =IF(A9="","",VLOOKUP(A9,ROSTER!$A$2:$F$500,3,FALSE)) | C9: =IF(A9="","",COUNTIF(CARD_LOG!$C:$C,A9)) | D9: =IF(A9="","",IFERROR(AVERAGEIF(CARD_LOG!$C:$C,A9,CARD_LOG!$M:$M),"")) | E9: =IF(A9="","",IF(COUNTIFS(CARD_LOG!$C:$C,A9,CARD_LOG!$L:$L,"Yes",CARD_LOG!$K:$K,"<14")>0,"No","Yes")) | F9: =IF(A9="","",IF(AND(E9="Yes",D9>=18),"Advanced",IF(AND(E9="Yes",D9>=16),"Operational","Remediation")))
B10: =IF(A10="","",VLOOKUP(A10,ROSTER!$A$2:$F$500,3,FALSE)) | C10: =IF(A10="","",COUNTIF(CARD_LOG!$C:$C,A10)) | D10: =IF(A10="","",IFERROR(AVERAGEIF(CARD_LOG!$C:$C,A10,CARD_LOG!$M:$M),"")) | E10: =IF(A10="","",IF(COUNTIFS(CARD_LOG!$C:$C,A10,CARD_LOG!$L:$L,"Yes",CARD_LOG!$K:$K,"<14")>0,"No","Yes")) | F10: =IF(A10="","",IF(AND(E10="Yes",D10>=18),"Advanced",IF(AND(E10="Yes",D10>=16),"Operational","Remediation")))
B11: =IF(A11="","",VLOOKUP(A11,ROSTER!$A$2:$F$500,3,FALSE)) | C11: =IF(A11="","",COUNTIF(CARD_LOG!$C:$C,A11)) | D11: =IF(A11="","",IFERROR(AVERAGEIF(CARD_LOG!$C:$C,A11,CARD_LOG!$M:$M),"")) | E11: =IF(A11="","",IF(COUNTIFS(CARD_LOG!$C:$C,A11,CARD_LOG!$L:$L,"Yes",CARD_LOG!$K:$K,"<14")>0,"No","Yes")) | F11: =IF(A11="","",IF(AND(E11="Yes",D11>=18),"Advanced",IF(AND(E11="Yes",D11>=16),"Operational","Remediation")))
B12: =IF(A12="","",VLOOKUP(A12,ROSTER!$A$2:$F$500,3,FALSE)) | C12: =IF(A12="","",COUNTIF(CARD_LOG!$C:$C,A12)) | D12: =IF(A12="","",IFERROR(AVERAGEIF(CARD_LOG!$C:$C,A12,CARD_LOG!$M:$M),"")) | E12: =IF(A12="","",IF(COUNTIFS(CARD_LOG!$C:$C,A12,CARD_LOG!$L:$L,"Yes",CARD_LOG!$K:$K,"<14")>0,"No","Yes")) | F12: =IF(A12="","",IF(AND(E12="Yes",D12>=18),"Advanced",IF(AND(E12="Yes",D12>=16),"Operational","Remediation")))
B13: =IF(A13="","",VLOOKUP(A13,ROSTER!$A$2:$F$500,3,FALSE)) | C13: =IF(A13="","",COUNTIF(CARD_LOG!$C:$C,A13)) | D13: =IF(A13="","",IFERROR(AVERAGEIF(CARD_LOG!$C:$C,A13,CARD_LOG!$M:$M),"")) | E13: =IF(A13="","",IF(COUNTIFS(CARD_LOG!$C:$C,A13,CARD_LOG!$L:$L,"Yes",CARD_LOG!$K:$K,"<14")>0,"No","Yes")) | F13: =IF(A13="","",IF(AND(E13="Yes",D13>=18),"Advanced",IF(AND(E13="Yes",D13>=16),"Operational","Remediation")))
... B501: =IF(A501="","",VLOOKUP(A501,ROSTER!$A$2:$F$500,3,FALSE)) | C501: =IF(A501="","",COUNTIF(CARD_LOG!$C:$C,A501)) | D501: =IF(A501="","",IFERROR(AVERAGEIF(CARD_LOG!$C:$C,A501,CARD_LOG!$M:$M),"")) | E501: =IF(A501="","",IF(COUNTIFS(CARD_LOG!$C:$C,A501,CARD_LOG!$L:$L,"Yes",CARD_LOG!$K:$K,"<14")>0,"No","Yes")) | F501: =IF(A501="","",IF(AND(E501="Yes",D501>=18),"Advanced",IF(AND(E501="Yes",D501>=16),"Operational","Remediation")))

Sheet Readme
A1: 1) Card-to-remediation mapping rules
A3: Use this like a lookup: failure pattern → primary reinforcement card → secondary card → micro-drill. Keep remediation to max 2 cards/week.
A5: A. Language drift and brand risk
A6: Failure pattern | B6: How it shows up | C6: Primary reinforcement | D6: Secondary reinforcement | E6: Mentor micro-drill (10 min)
A7: Forbidden terms used | B7: “tracking”, “identify”, “100% compliant”, “WiFi tracker” | C7: LANG-02 (Forbidden terms detection) | D7: LANG-01 (Canonical vocabulary) | E7: Re-say the pitch twice using only approved terms
A8: Conceptual drift ES↔EN | B8: English becomes softer or introduces new ideas | C8: LANG-03 (Controlled translation) | D8: LANG-06 (Manifesto tone discipline) | E8: Translate one narrative block both ways without adding meaning
A9: Overpromising marketing | B9: Guaranteed ROI, certainty language, exaggerations | C9: LANG-05 (De-hype rewrite) | D9: COMP-03 (100% compliance objection) | E9: Rewrite 1 paragraph into “disciplined manifesto”
A10: “AITANNA as hardware vendor” framing | B10: “We sell sensors/routers” | C10: CORE-01 (Indivisible system) | D10: CORE-02 (Category definition) | E10: Explain Brain+Muscle in 60 seconds, then stop
A11: B. Compliance and ethics boundary failures
A12: Failure pattern | B12: How it shows up | C12: Primary reinforcement | D12: Secondary reinforcement | E12: Mentor micro-drill
A13: Identity implication | B13: Any hint of “who it is” or “reconstructing identity” | C13: DATA-08 (Aggregation vs identification boundary) | D13: COMP-01 (Privacy by Design architecture) | E13: Answer: “Can you know who it is?” in one sentence, twice
A14: Absolute compliance claims | B14: “Fully compliant”, “100% GDPR compliant” | C14: COMP-03 | D14: COMP-02 (Legitimate interest vs consent) | E14: Simulate legal Q&A: 3 questions, 30 seconds each
A15: Lawful basis confusion | B15: Treats consent as required for traffic insights, or mixes purposes | C15: COMP-02 | D15: COMP-06 (Purpose separation) | E15: Draw 2 flows: Traffic Insights vs Join & Connect
A16: Minimization weakness | B16: Wants to collect more “just in case” | C16: COMP-04 (Minimization) | D16: PROD-04 (Privacy risk assessment) | E16: “What data do we refuse to collect and why?”
A17: C. KPI and analytics reasoning failures
A18: Failure pattern | B18: How it shows up | C18: Primary reinforcement | D18: Secondary reinforcement | E18: Mentor micro-drill
A19: Visit vs bounce confusion | B19: Misuses dwell threshold | C19: DATA-03 | D19: DATA-02 | E19: Classify 5 examples as visit/bounce with reason
A20: Capture Rate misrepresentation | B20: Presented as “accuracy guarantee” | C20: DATA-04 | D20: LANG-05 | E20: Explain Capture Rate limitations to a skeptical CFO
A21: KPI→decision weakness | B21: Can define metrics but not business actions | C21: DATA-05 | D21: CORE-05 (Why now) | E21: Map 3 KPIs to 3 decisions in 3 minutes
A22: Zone logic confusion | B22: Misreads flows, zone performance | C22: DATA-07 | D22: DATA-01 | E22: Interpret a zone scenario: what action would you take?
A23: D. Technical execution failures (Tech track)
A24: Failure pattern | B24: How it shows up | C24: Primary reinforcement | D24: Secondary reinforcement | E24: Mentor micro-drill
A25: RSSI overconfidence | B25: Treats RSSI as exact distance | C25: TECH-02 | D25: TECH-01 | E25: Explain RSSI limits in one minute
A26: Hash-at-origin misunderstanding | B26: Describes storing raw identifiers | C26: TECH-03 | D26: COMP-01 | E26: Draw “before storage” transformation flow
A27: Dedup logic confusion | B27: Uses “identification” language | C27: TECH-04 | D27: DATA-02 | E27: Explain continuity without identity (two examples)
A28: Noise/staff filtering mistakes | B28: Wrong thresholds or staff inclusion | C28: TECH-05 / TECH-06 (choose one) | D28: DATA-03 | E28: Diagnose a “too many visits” symptom
A29: E. Strategic maturity failures (All roles)
A30: Failure pattern | B30: How it shows up | C30: Primary reinforcement | D30: Secondary reinforcement | E30: Mentor micro-drill
A31: “Dashboard thinking” | B31: Reports metrics without insight/action | C31: DATA-05 | D31: CORE-06 | E31: Turn one KPI into one decision + one experiment
A32: Solution-first selling | B32: Jumps to tech before problem | C32: SALES-01 | D32: SALES-02 | E32: 5 discovery questions before mentioning technology
A33: Feature-first product | B33: Roadmap ignores constraints | C33: PROD-08
